{"stage1": {"mean": [5179.795107033639, 1601.9163302636496, 6781.711437297288, 142.05708460754332, 342.5647298674822, 0.8491335372069317, 0.7675840978593272, 0.024062210525498222], "std": [5692.201088805704, 2717.3867380276497, 6020.881455319152, 76.35664484368067, 64.44913711715365, 0.35791867841137803, 1.030131764442424, 0.008993498303661668]}, "stage2": {"mean": [5125.4087603650005, 1585.2861657337742, 6710.694926098777, 142.05708460754332, 342.5647298674822, 0.8491335372069317, 0.7675840978593272, 0.024062210525498222], "std": [5667.451726532358, 2701.9147938967294, 5998.151744291691, 76.35664484368067, 64.44913711715365, 0.35791867841137803, 1.030131764442424, 0.008993498303661668]}, "stage3": {"mean": [4759.232744464765, 1460.2438194973797, 6219.476563962138, 152.81396534148828, 342.5647298674822, 0.8491335372069317, 0.7675840978593272, 0.026026035267353247], "std": [5192.184936319479, 2570.6515479196532, 5596.532614485693, 86.03714734997426, 64.44913711715365, 0.35791867841137803, 1.030131764442424, 0.011384380803237481]}, "stage4": {"mean": [0.4836516009548025, 8.062931459880948e-05, 0.23100817165434967, 0.259853890587835, 1.4148787374590462e-05, 0.9244932136825534, 0.013994930004604132, 0.371417820670703], "std": [0.860314426493416, 0.00011785893475468507, 0.239099669698467, 0.31291847355550845, 8.684958479443424e-05, 0.17894813068151905, 0.007573747375007108, 7.431098392229766]}}